algorithm,seed,silhouette,mutation_rate,pop_size,inertia_weight,n_particles,evaporation_rate,n_ants
GA,0,0.3543417774669906,0.1,10.0,,,,
GA,1,0.34800604762851894,0.1,10.0,,,,
GA,2,0.33103887035974894,0.1,10.0,,,,
GA,3,0.3456280996223092,0.1,10.0,,,,
GA,4,0.2915608730749134,0.1,10.0,,,,
GA,5,0.3533452076968267,0.1,10.0,,,,
GA,6,0.352138973297331,0.1,10.0,,,,
GA,7,0.3502955193306947,0.1,10.0,,,,
GA,8,0.35673114839451514,0.1,10.0,,,,
GA,9,0.3564559290933918,0.1,10.0,,,,
GA,10,0.3315608257400284,0.1,10.0,,,,
GA,11,0.3593610286435666,0.1,10.0,,,,
GA,12,0.3547389991868911,0.1,10.0,,,,
GA,13,0.3555859052600192,0.1,10.0,,,,
GA,14,0.3551992008823547,0.1,10.0,,,,
GA,15,0.3551992008823547,0.1,10.0,,,,
GA,16,0.3582787920440284,0.1,10.0,,,,
GA,17,0.3546625537789926,0.1,10.0,,,,
GA,18,0.35915323552075196,0.1,10.0,,,,
GA,19,0.3540500309615329,0.1,10.0,,,,
GA,20,0.3510741766194617,0.1,10.0,,,,
GA,21,0.334924046990468,0.1,10.0,,,,
GA,22,0.2858883432730222,0.1,10.0,,,,
GA,23,0.3240106442671541,0.1,10.0,,,,
GA,24,0.35952038374773243,0.1,10.0,,,,
GA,25,0.29351734061354057,0.1,10.0,,,,
GA,26,0.3484160868228251,0.1,10.0,,,,
GA,27,0.35542110074319566,0.1,10.0,,,,
GA,28,0.3597301183775983,0.1,10.0,,,,
GA,29,0.3366566075379412,0.1,10.0,,,,
GA,0,0.349867429069041,0.1,20.0,,,,
GA,1,0.3583475258424609,0.1,20.0,,,,
GA,2,0.2927356276650856,0.1,20.0,,,,
GA,3,0.33203872874008916,0.1,20.0,,,,
GA,4,0.3440769449515302,0.1,20.0,,,,
GA,5,0.35952038374773243,0.1,20.0,,,,
GA,6,0.28875467609230376,0.1,20.0,,,,
GA,7,0.3551992008823547,0.1,20.0,,,,
GA,8,0.35881346365281586,0.1,20.0,,,,
GA,9,0.35949221143242605,0.1,20.0,,,,
GA,10,0.3547028130529382,0.1,20.0,,,,
GA,11,0.35379028870398843,0.1,20.0,,,,
GA,12,0.35214413640221637,0.1,20.0,,,,
GA,13,0.32769327347173716,0.1,20.0,,,,
GA,14,0.35521830718695324,0.1,20.0,,,,
GA,15,0.32158759074861765,0.1,20.0,,,,
GA,16,0.3593610286435666,0.1,20.0,,,,
GA,17,0.35364353681279254,0.1,20.0,,,,
GA,18,0.30916655874934973,0.1,20.0,,,,
GA,19,0.3546004582661844,0.1,20.0,,,,
GA,20,0.3448434957257059,0.1,20.0,,,,
GA,21,0.35486781130673495,0.1,20.0,,,,
GA,22,0.3593085939404446,0.1,20.0,,,,
GA,23,0.2536878211536364,0.1,20.0,,,,
GA,24,0.35533974191772877,0.1,20.0,,,,
GA,25,0.35487311890207734,0.1,20.0,,,,
GA,26,0.20879242308567492,0.1,20.0,,,,
GA,27,0.3527511774497012,0.1,20.0,,,,
GA,28,0.26953493340918433,0.1,20.0,,,,
GA,29,0.35216526107064255,0.1,20.0,,,,
GA,0,0.35791755948268694,0.1,30.0,,,,
GA,1,0.34633035218401725,0.1,30.0,,,,
GA,2,0.32226498889453303,0.1,30.0,,,,
GA,3,0.330683555055909,0.1,30.0,,,,
GA,4,0.35908257406790084,0.1,30.0,,,,
GA,5,0.35471474724762414,0.1,30.0,,,,
GA,6,0.3590798780232927,0.1,30.0,,,,
GA,7,0.3511327618569109,0.1,30.0,,,,
GA,8,0.3498949810939996,0.1,30.0,,,,
GA,9,0.35402286126217214,0.1,30.0,,,,
GA,10,0.3515485612019445,0.1,30.0,,,,
GA,11,0.353458035908875,0.1,30.0,,,,
GA,12,0.3590798780232927,0.1,30.0,,,,
GA,13,0.35952038374773243,0.1,30.0,,,,
GA,14,0.3543417774669906,0.1,30.0,,,,
GA,15,0.35320700523789766,0.1,30.0,,,,
GA,16,0.35261230157311957,0.1,30.0,,,,
GA,17,0.33863420496836033,0.1,30.0,,,,
GA,18,0.35949221143242605,0.1,30.0,,,,
GA,19,0.26535804561506887,0.1,30.0,,,,
GA,20,0.35440910252113783,0.1,30.0,,,,
GA,21,0.3497600959390093,0.1,30.0,,,,
GA,22,0.35516747408547616,0.1,30.0,,,,
GA,23,0.2471457260500084,0.1,30.0,,,,
GA,24,0.35949221143242605,0.1,30.0,,,,
GA,25,0.35542110074319566,0.1,30.0,,,,
GA,26,0.3593610286435666,0.1,30.0,,,,
GA,27,0.35486781130673495,0.1,30.0,,,,
GA,28,0.3503430454752903,0.1,30.0,,,,
GA,29,0.3432001129139693,0.1,30.0,,,,
GA,0,0.35712226400664676,0.2,10.0,,,,
GA,1,0.34778467936681084,0.2,10.0,,,,
GA,2,0.35881346365281586,0.2,10.0,,,,
GA,3,0.3430298358254433,0.2,10.0,,,,
GA,4,0.3371355387696656,0.2,10.0,,,,
GA,5,0.343286092427721,0.2,10.0,,,,
GA,6,0.35526997305875285,0.2,10.0,,,,
GA,7,0.3254444738710861,0.2,10.0,,,,
GA,8,0.2841656219252201,0.2,10.0,,,,
GA,9,0.3436116911592363,0.2,10.0,,,,
GA,10,0.35952038374773243,0.2,10.0,,,,
GA,11,0.35436298454520865,0.2,10.0,,,,
GA,12,0.3429561018637215,0.2,10.0,,,,
GA,13,0.329754871764537,0.2,10.0,,,,
GA,14,0.3372904836600455,0.2,10.0,,,,
GA,15,0.30639799624807346,0.2,10.0,,,,
GA,16,0.3591513558034666,0.2,10.0,,,,
GA,17,0.34657721967789823,0.2,10.0,,,,
GA,18,0.35560787448515213,0.2,10.0,,,,
GA,19,0.1530820273606655,0.2,10.0,,,,
GA,20,0.35833654968390966,0.2,10.0,,,,
GA,21,0.35463805543992194,0.2,10.0,,,,
GA,22,0.31681959048619823,0.2,10.0,,,,
GA,23,0.3522792711802157,0.2,10.0,,,,
GA,24,0.26792643571906416,0.2,10.0,,,,
GA,25,0.31294493388237227,0.2,10.0,,,,
GA,26,0.2888848965766465,0.2,10.0,,,,
GA,27,0.35542110074319566,0.2,10.0,,,,
GA,28,0.3335462169159602,0.2,10.0,,,,
GA,29,0.3412889455625991,0.2,10.0,,,,
GA,0,0.3336472963035596,0.2,20.0,,,,
GA,1,0.3597301183775983,0.2,20.0,,,,
GA,2,0.35096238442441147,0.2,20.0,,,,
GA,3,0.3334651681258483,0.2,20.0,,,,
GA,4,0.34966470678013833,0.2,20.0,,,,
GA,5,0.35320853792619117,0.2,20.0,,,,
GA,6,0.31440287389977056,0.2,20.0,,,,
GA,7,0.3597301183775983,0.2,20.0,,,,
GA,8,0.24177069167468082,0.2,20.0,,,,
GA,9,0.24746646263692507,0.2,20.0,,,,
GA,10,0.355897366090515,0.2,20.0,,,,
GA,11,0.35952038374773243,0.2,20.0,,,,
GA,12,0.31708097921767275,0.2,20.0,,,,
GA,13,0.3593610286435666,0.2,20.0,,,,
GA,14,0.3593085939404446,0.2,20.0,,,,
GA,15,0.3477277688278826,0.2,20.0,,,,
GA,16,0.35545115056233345,0.2,20.0,,,,
GA,17,0.3378437486650528,0.2,20.0,,,,
GA,18,0.14708923010126707,0.2,20.0,,,,
GA,19,0.25832000073372663,0.2,20.0,,,,
GA,20,0.34592357784581906,0.2,20.0,,,,
GA,21,0.3527075239635477,0.2,20.0,,,,
GA,22,0.35875329124679844,0.2,20.0,,,,
GA,23,0.3538600236352012,0.2,20.0,,,,
GA,24,0.3322368520854724,0.2,20.0,,,,
GA,25,0.3424485530386241,0.2,20.0,,,,
GA,26,0.3342253759556792,0.2,20.0,,,,
GA,27,0.25447076384821865,0.2,20.0,,,,
GA,28,0.34492737173777244,0.2,20.0,,,,
GA,29,0.3466041638302863,0.2,20.0,,,,
GA,0,0.3456820983862992,0.2,30.0,,,,
GA,1,0.3470719096519663,0.2,30.0,,,,
GA,2,0.3279413290120688,0.2,30.0,,,,
GA,3,0.3547615319065408,0.2,30.0,,,,
GA,4,0.3527511774497012,0.2,30.0,,,,
GA,5,0.35458020750802777,0.2,30.0,,,,
GA,6,0.3546625537789926,0.2,30.0,,,,
GA,7,0.35881346365281586,0.2,30.0,,,,
GA,8,0.28693935032463175,0.2,30.0,,,,
GA,9,0.3025852207750481,0.2,30.0,,,,
GA,10,0.3593085939404446,0.2,30.0,,,,
GA,11,0.352212424931916,0.2,30.0,,,,
GA,12,0.350430723314842,0.2,30.0,,,,
GA,13,0.35711731972970767,0.2,30.0,,,,
GA,14,0.35291560136860406,0.2,30.0,,,,
GA,15,0.3461777162907094,0.2,30.0,,,,
GA,16,0.35604664519363327,0.2,30.0,,,,
GA,17,0.3533570772642959,0.2,30.0,,,,
GA,18,0.30008352844093056,0.2,30.0,,,,
GA,19,0.34881864856845857,0.2,30.0,,,,
GA,20,0.35949221143242605,0.2,30.0,,,,
GA,21,0.33810929581636756,0.2,30.0,,,,
GA,22,0.34662120628736404,0.2,30.0,,,,
GA,23,0.22039929329439453,0.2,30.0,,,,
GA,24,0.28990848744285463,0.2,30.0,,,,
GA,25,0.3593438513010659,0.2,30.0,,,,
GA,26,0.30341333873040155,0.2,30.0,,,,
GA,27,0.21929854420504868,0.2,30.0,,,,
GA,28,0.3536395305288222,0.2,30.0,,,,
GA,29,0.32293549135253713,0.2,30.0,,,,
GA,0,0.35372615360966214,0.3,10.0,,,,
GA,1,0.3315597729340763,0.3,10.0,,,,
GA,2,0.33618488504246985,0.3,10.0,,,,
GA,3,0.33171707675535367,0.3,10.0,,,,
GA,4,0.35083090828598273,0.3,10.0,,,,
GA,5,0.35325152262866105,0.3,10.0,,,,
GA,6,0.3538600236352012,0.3,10.0,,,,
GA,7,0.33976392220512197,0.3,10.0,,,,
GA,8,0.32291603002205976,0.3,10.0,,,,
GA,9,0.31439090978091927,0.3,10.0,,,,
GA,10,0.3493558868052591,0.3,10.0,,,,
GA,11,0.3226249075782879,0.3,10.0,,,,
GA,12,0.3551992008823547,0.3,10.0,,,,
GA,13,0.3532389925838115,0.3,10.0,,,,
GA,14,0.3457828978040427,0.3,10.0,,,,
GA,15,0.35076218997686254,0.3,10.0,,,,
GA,16,0.28140325615538464,0.3,10.0,,,,
GA,17,0.35364192585322735,0.3,10.0,,,,
GA,18,0.3397227790244102,0.3,10.0,,,,
GA,19,0.3296538050927478,0.3,10.0,,,,
GA,20,0.33660106137768225,0.3,10.0,,,,
GA,21,0.34494391093956944,0.3,10.0,,,,
GA,22,0.3498795569261205,0.3,10.0,,,,
GA,23,0.3506969980464126,0.3,10.0,,,,
GA,24,0.35329418562588993,0.3,10.0,,,,
GA,25,0.2891257210112149,0.3,10.0,,,,
GA,26,0.3491766580063216,0.3,10.0,,,,
GA,27,0.32537386810490837,0.3,10.0,,,,
GA,28,0.3335462169159602,0.3,10.0,,,,
GA,29,0.3279586598329287,0.3,10.0,,,,
GA,0,0.329817665562596,0.3,20.0,,,,
GA,1,0.3558065014002414,0.3,20.0,,,,
GA,2,0.3573248245090801,0.3,20.0,,,,
GA,3,0.3339431595074812,0.3,20.0,,,,
GA,4,0.2769284900109089,0.3,20.0,,,,
GA,5,0.3113739376415445,0.3,20.0,,,,
GA,6,0.3501059643974688,0.3,20.0,,,,
GA,7,0.3533671691702345,0.3,20.0,,,,
GA,8,0.35190863834699776,0.3,20.0,,,,
GA,9,0.35471474724762414,0.3,20.0,,,,
GA,10,0.35403357251520945,0.3,20.0,,,,
GA,11,0.3589575717698723,0.3,20.0,,,,
GA,12,0.34771839290542045,0.3,20.0,,,,
GA,13,0.34906279426948084,0.3,20.0,,,,
GA,14,0.35418723952382236,0.3,20.0,,,,
GA,15,0.2820929611758287,0.3,20.0,,,,
GA,16,0.2688076381231984,0.3,20.0,,,,
GA,17,0.3515948499649669,0.3,20.0,,,,
GA,18,0.3451103977252378,0.3,20.0,,,,
GA,19,0.31582862817190444,0.3,20.0,,,,
GA,20,0.31739070364097866,0.3,20.0,,,,
GA,21,0.27796601201107346,0.3,20.0,,,,
GA,22,0.34782327738650154,0.3,20.0,,,,
GA,23,0.29710486346186266,0.3,20.0,,,,
GA,24,0.3035722831505129,0.3,20.0,,,,
GA,25,0.3180050309596642,0.3,20.0,,,,
GA,26,0.2406069531854545,0.3,20.0,,,,
GA,27,0.29248682913730817,0.3,20.0,,,,
GA,28,0.3476082706771081,0.3,20.0,,,,
GA,29,0.27217094642389045,0.3,20.0,,,,
GA,0,0.35528627788375233,0.3,30.0,,,,
GA,1,0.35514334720253254,0.3,30.0,,,,
GA,2,0.34413472572354925,0.3,30.0,,,,
GA,3,0.3495662464178907,0.3,30.0,,,,
GA,4,0.35183297451343987,0.3,30.0,,,,
GA,5,0.3216819030788609,0.3,30.0,,,,
GA,6,0.16458296600852484,0.3,30.0,,,,
GA,7,0.2629395824865839,0.3,30.0,,,,
GA,8,0.24886136455540878,0.3,30.0,,,,
GA,9,0.35293982679420793,0.3,30.0,,,,
GA,10,0.32783858273526223,0.3,30.0,,,,
GA,11,0.34646705757321,0.3,30.0,,,,
GA,12,0.3527511774497012,0.3,30.0,,,,
GA,13,0.2558273799574689,0.3,30.0,,,,
GA,14,0.34909142075845123,0.3,30.0,,,,
GA,15,0.3492204081560341,0.3,30.0,,,,
GA,16,0.34202776950124486,0.3,30.0,,,,
GA,17,0.34828200690443806,0.3,30.0,,,,
GA,18,0.3373002024944225,0.3,30.0,,,,
GA,19,0.3413967338109534,0.3,30.0,,,,
GA,20,0.3462720419757595,0.3,30.0,,,,
GA,21,0.3405984445144891,0.3,30.0,,,,
GA,22,0.3547615319065408,0.3,30.0,,,,
GA,23,0.2871143389880933,0.3,30.0,,,,
GA,24,0.3238723720601552,0.3,30.0,,,,
GA,25,0.3090913567614137,0.3,30.0,,,,
GA,26,0.3460632633689373,0.3,30.0,,,,
GA,27,0.3149985647026759,0.3,30.0,,,,
GA,28,0.34252158192151755,0.3,30.0,,,,
GA,29,0.3298887401335928,0.3,30.0,,,,
PSO,0,0.3546572454403534,,,0.5,20.0,,
PSO,1,0.3595313549783144,,,0.5,20.0,,
PSO,2,0.35542110074319566,,,0.5,20.0,,
PSO,3,0.33547192894004574,,,0.5,20.0,,
PSO,4,0.3595313549783144,,,0.5,20.0,,
PSO,5,0.3597301183775983,,,0.5,20.0,,
PSO,6,0.35417240342262785,,,0.5,20.0,,
PSO,7,0.3595989301252757,,,0.5,20.0,,
PSO,8,0.3595313549783144,,,0.5,20.0,,
PSO,9,0.3552630930324675,,,0.5,20.0,,
PSO,10,0.33547192894004574,,,0.5,20.0,,
PSO,11,0.3535051388757906,,,0.5,20.0,,
PSO,12,0.33547192894004574,,,0.5,20.0,,
PSO,13,0.35830244567961406,,,0.5,20.0,,
PSO,14,0.34325557667948187,,,0.5,20.0,,
PSO,15,0.35714312980340907,,,0.5,20.0,,
PSO,16,0.35949221143242605,,,0.5,20.0,,
PSO,17,0.3539726074033072,,,0.5,20.0,,
PSO,18,0.33547192894004574,,,0.5,20.0,,
PSO,19,0.3468378694403313,,,0.5,20.0,,
PSO,20,0.35340652476719014,,,0.5,20.0,,
PSO,21,0.3597301183775983,,,0.5,20.0,,
PSO,22,0.3549660366015985,,,0.5,20.0,,
PSO,23,0.3547615319065408,,,0.5,20.0,,
PSO,24,0.3546004582661844,,,0.5,20.0,,
PSO,25,0.35560787448515213,,,0.5,20.0,,
PSO,26,0.35516539559657906,,,0.5,20.0,,
PSO,27,0.35486781130673495,,,0.5,20.0,,
PSO,28,0.35880977401117803,,,0.5,20.0,,
PSO,29,0.3596957982799809,,,0.5,20.0,,
PSO,0,0.35516747408547616,,,0.5,30.0,,
PSO,1,0.35573924324368106,,,0.5,30.0,,
PSO,2,0.35544923434923104,,,0.5,30.0,,
PSO,3,0.33547192894004574,,,0.5,30.0,,
PSO,4,0.35881346365281586,,,0.5,30.0,,
PSO,5,0.3597301183775983,,,0.5,30.0,,
PSO,6,0.35472341749593084,,,0.5,30.0,,
PSO,7,0.3597301183775983,,,0.5,30.0,,
PSO,8,0.3595313549783144,,,0.5,30.0,,
PSO,9,0.3588105027282586,,,0.5,30.0,,
PSO,10,0.3595313549783144,,,0.5,30.0,,
PSO,11,0.35600569431660406,,,0.5,30.0,,
PSO,12,0.3595313549783144,,,0.5,30.0,,
PSO,13,0.3539222193595577,,,0.5,30.0,,
PSO,14,0.35949221143242605,,,0.5,30.0,,
PSO,15,0.35855099722909256,,,0.5,30.0,,
PSO,16,0.35881346365281586,,,0.5,30.0,,
PSO,17,0.33547192894004574,,,0.5,30.0,,
PSO,18,0.34915516113898126,,,0.5,30.0,,
PSO,19,0.3542934535279828,,,0.5,30.0,,
PSO,20,0.35486781130673495,,,0.5,30.0,,
PSO,21,0.33547192894004574,,,0.5,30.0,,
PSO,22,0.35542110074319566,,,0.5,30.0,,
PSO,23,0.3550997632045043,,,0.5,30.0,,
PSO,24,0.3552630930324675,,,0.5,30.0,,
PSO,25,0.3597301183775983,,,0.5,30.0,,
PSO,26,0.3597301183775983,,,0.5,30.0,,
PSO,27,0.3546519571158029,,,0.5,30.0,,
PSO,28,0.35268405543394665,,,0.5,30.0,,
PSO,29,0.35881346365281586,,,0.5,30.0,,
PSO,0,0.35469876853204285,,,0.5,40.0,,
PSO,1,0.3596957982799809,,,0.5,40.0,,
PSO,2,0.3493557490926679,,,0.5,40.0,,
PSO,3,0.33547192894004574,,,0.5,40.0,,
PSO,4,0.3547389991868911,,,0.5,40.0,,
PSO,5,0.3597301183775983,,,0.5,40.0,,
PSO,6,0.33547192894004574,,,0.5,40.0,,
PSO,7,0.3597301183775983,,,0.5,40.0,,
PSO,8,0.3593438513010659,,,0.5,40.0,,
PSO,9,0.33547192894004574,,,0.5,40.0,,
PSO,10,0.3521868043752964,,,0.5,40.0,,
PSO,11,0.35944409042187786,,,0.5,40.0,,
PSO,12,0.3588105027282586,,,0.5,40.0,,
PSO,13,0.3596957982799809,,,0.5,40.0,,
PSO,14,0.3595313549783144,,,0.5,40.0,,
PSO,15,0.35542110074319566,,,0.5,40.0,,
PSO,16,0.35881346365281586,,,0.5,40.0,,
PSO,17,0.3588105027282586,,,0.5,40.0,,
PSO,18,0.3556016417079703,,,0.5,40.0,,
PSO,19,0.3514993502308177,,,0.5,40.0,,
PSO,20,0.35046241728761685,,,0.5,40.0,,
PSO,21,0.334924046990468,,,0.5,40.0,,
PSO,22,0.35516747408547616,,,0.5,40.0,,
PSO,23,0.3550997632045043,,,0.5,40.0,,
PSO,24,0.35486340579500186,,,0.5,40.0,,
PSO,25,0.3595989301252757,,,0.5,40.0,,
PSO,26,0.35881346365281586,,,0.5,40.0,,
PSO,27,0.35881346365281586,,,0.5,40.0,,
PSO,28,0.3588105027282586,,,0.5,40.0,,
PSO,29,0.3597301183775983,,,0.5,40.0,,
PSO,0,0.3551992008823547,,,0.7,20.0,,
PSO,1,0.3580529210257146,,,0.7,20.0,,
PSO,2,0.35486781130673495,,,0.7,20.0,,
PSO,3,0.33547192894004574,,,0.7,20.0,,
PSO,4,0.3581088052361604,,,0.7,20.0,,
PSO,5,0.3523268296331244,,,0.7,20.0,,
PSO,6,0.34977230118134117,,,0.7,20.0,,
PSO,7,0.3597301183775983,,,0.7,20.0,,
PSO,8,0.3564559290933918,,,0.7,20.0,,
PSO,9,0.35560787448515213,,,0.7,20.0,,
PSO,10,0.33547192894004574,,,0.7,20.0,,
PSO,11,0.35301817618434694,,,0.7,20.0,,
PSO,12,0.35301309907280726,,,0.7,20.0,,
PSO,13,0.35952038374773243,,,0.7,20.0,,
PSO,14,0.35643304328054326,,,0.7,20.0,,
PSO,15,0.3597301183775983,,,0.7,20.0,,
PSO,16,0.3595989301252757,,,0.7,20.0,,
PSO,17,0.35516747408547616,,,0.7,20.0,,
PSO,18,0.33547192894004574,,,0.7,20.0,,
PSO,19,0.35389376198357214,,,0.7,20.0,,
PSO,20,0.3501946917566599,,,0.7,20.0,,
PSO,21,0.3597301183775983,,,0.7,20.0,,
PSO,22,0.35542110074319566,,,0.7,20.0,,
PSO,23,0.35487311890207734,,,0.7,20.0,,
PSO,24,0.35469876853204285,,,0.7,20.0,,
PSO,25,0.3508897863930099,,,0.7,20.0,,
PSO,26,0.35516747408547616,,,0.7,20.0,,
PSO,27,0.3554133498902587,,,0.7,20.0,,
PSO,28,0.35880977401117803,,,0.7,20.0,,
PSO,29,0.35548650870130144,,,0.7,20.0,,
PSO,0,0.35486340579500186,,,0.7,30.0,,
PSO,1,0.3596957982799809,,,0.7,30.0,,
PSO,2,0.3597301183775983,,,0.7,30.0,,
PSO,3,0.33547192894004574,,,0.7,30.0,,
PSO,4,0.3595989301252757,,,0.7,30.0,,
PSO,5,0.3597301183775983,,,0.7,30.0,,
PSO,6,0.3336081200189355,,,0.7,30.0,,
PSO,7,0.3597301183775983,,,0.7,30.0,,
PSO,8,0.35952038374773243,,,0.7,30.0,,
PSO,9,0.3597301183775983,,,0.7,30.0,,
PSO,10,0.35694568479647953,,,0.7,30.0,,
PSO,11,0.3597301183775983,,,0.7,30.0,,
PSO,12,0.3565053776065677,,,0.7,30.0,,
PSO,13,0.35445373803069197,,,0.7,30.0,,
PSO,14,0.3597301183775983,,,0.7,30.0,,
PSO,15,0.3593085939404446,,,0.7,30.0,,
PSO,16,0.3597301183775983,,,0.7,30.0,,
PSO,17,0.3297647409983043,,,0.7,30.0,,
PSO,18,0.33547192894004574,,,0.7,30.0,,
PSO,19,0.35560787448515213,,,0.7,30.0,,
PSO,20,0.3542552697161669,,,0.7,30.0,,
PSO,21,0.33547192894004574,,,0.7,30.0,,
PSO,22,0.33547192894004574,,,0.7,30.0,,
PSO,23,0.35486781130673495,,,0.7,30.0,,
PSO,24,0.35544923434923104,,,0.7,30.0,,
PSO,25,0.3597301183775983,,,0.7,30.0,,
PSO,26,0.3588105027282586,,,0.7,30.0,,
PSO,27,0.35560787448515213,,,0.7,30.0,,
PSO,28,0.35550895578004543,,,0.7,30.0,,
PSO,29,0.3588105027282586,,,0.7,30.0,,
PSO,0,0.353663614321231,,,0.7,40.0,,
PSO,1,0.3597301183775983,,,0.7,40.0,,
PSO,2,0.3420644498521693,,,0.7,40.0,,
PSO,3,0.3597301183775983,,,0.7,40.0,,
PSO,4,0.35340652476719014,,,0.7,40.0,,
PSO,5,0.3596957982799809,,,0.7,40.0,,
PSO,6,0.35214413640221637,,,0.7,40.0,,
PSO,7,0.3597301183775983,,,0.7,40.0,,
PSO,8,0.3595313549783144,,,0.7,40.0,,
PSO,9,0.35433293763323626,,,0.7,40.0,,
PSO,10,0.35286925847667894,,,0.7,40.0,,
PSO,11,0.3596957982799809,,,0.7,40.0,,
PSO,12,0.3597301183775983,,,0.7,40.0,,
PSO,13,0.35908257406790084,,,0.7,40.0,,
PSO,14,0.35952038374773243,,,0.7,40.0,,
PSO,15,0.3552630930324675,,,0.7,40.0,,
PSO,16,0.3597301183775983,,,0.7,40.0,,
PSO,17,0.35949221143242605,,,0.7,40.0,,
PSO,18,0.3524397099955378,,,0.7,40.0,,
PSO,19,0.3546004582661844,,,0.7,40.0,,
PSO,20,0.3596957982799809,,,0.7,40.0,,
PSO,21,0.33190936946821237,,,0.7,40.0,,
PSO,22,0.3596957982799809,,,0.7,40.0,,
PSO,23,0.35542110074319566,,,0.7,40.0,,
PSO,24,0.34861750528159857,,,0.7,40.0,,
PSO,25,0.3597301183775983,,,0.7,40.0,,
PSO,26,0.35949221143242605,,,0.7,40.0,,
PSO,27,0.35881346365281586,,,0.7,40.0,,
PSO,28,0.3583890230781026,,,0.7,40.0,,
PSO,29,0.3597301183775983,,,0.7,40.0,,
PSO,0,0.18388671853109875,,,0.9,20.0,,
PSO,1,0.21959873075505368,,,0.9,20.0,,
PSO,2,0.34994517558991584,,,0.9,20.0,,
PSO,3,0.33649428023306455,,,0.9,20.0,,
PSO,4,0.1541883694556121,,,0.9,20.0,,
PSO,5,0.3140231459534351,,,0.9,20.0,,
PSO,6,0.24468093596197854,,,0.9,20.0,,
PSO,7,0.15716725642069235,,,0.9,20.0,,
PSO,8,0.35952038374773243,,,0.9,20.0,,
PSO,9,0.3517216470471972,,,0.9,20.0,,
PSO,10,0.2767085256758085,,,0.9,20.0,,
PSO,11,0.345778642711103,,,0.9,20.0,,
PSO,12,0.26212135364923467,,,0.9,20.0,,
PSO,13,0.32300711003129123,,,0.9,20.0,,
PSO,14,0.3209119107272519,,,0.9,20.0,,
PSO,15,0.18999988430209144,,,0.9,20.0,,
PSO,16,0.35949221143242605,,,0.9,20.0,,
PSO,17,0.2662503398255691,,,0.9,20.0,,
PSO,18,0.26370754838966326,,,0.9,20.0,,
PSO,19,0.34821448749904,,,0.9,20.0,,
PSO,20,0.035551694099355824,,,0.9,20.0,,
PSO,21,0.3596957982799809,,,0.9,20.0,,
PSO,22,0.34549961767490317,,,0.9,20.0,,
PSO,23,0.3547615319065408,,,0.9,20.0,,
PSO,24,0.342467872507897,,,0.9,20.0,,
PSO,25,-1.0,,,0.9,20.0,,
PSO,26,-1.0,,,0.9,20.0,,
PSO,27,0.29499934632312474,,,0.9,20.0,,
PSO,28,-1.0,,,0.9,20.0,,
PSO,29,0.3581246184631111,,,0.9,20.0,,
PSO,0,0.32300711003129123,,,0.9,30.0,,
PSO,1,0.3581088052361604,,,0.9,30.0,,
PSO,2,0.3547206958932256,,,0.9,30.0,,
PSO,3,0.2629183549666783,,,0.9,30.0,,
PSO,4,0.17417881387865083,,,0.9,30.0,,
PSO,5,0.29334687122480724,,,0.9,30.0,,
PSO,6,0.3429069272113551,,,0.9,30.0,,
PSO,7,0.3490481388267236,,,0.9,30.0,,
PSO,8,0.16149668696501812,,,0.9,30.0,,
PSO,9,0.35835719136299565,,,0.9,30.0,,
PSO,10,0.16884443414203842,,,0.9,30.0,,
PSO,11,0.21627770043380987,,,0.9,30.0,,
PSO,12,0.3516036284076893,,,0.9,30.0,,
PSO,13,0.34348944183109653,,,0.9,30.0,,
PSO,14,0.3564378247388707,,,0.9,30.0,,
PSO,15,0.35414586453176433,,,0.9,30.0,,
PSO,16,0.35641364869944825,,,0.9,30.0,,
PSO,17,0.34172240551743116,,,0.9,30.0,,
PSO,18,0.33547192894004574,,,0.9,30.0,,
PSO,19,0.3524397099955378,,,0.9,30.0,,
PSO,20,0.35486781130673495,,,0.9,30.0,,
PSO,21,0.33547192894004574,,,0.9,30.0,,
PSO,22,0.31054744437563647,,,0.9,30.0,,
PSO,23,0.31152360181900524,,,0.9,30.0,,
PSO,24,0.3019329240015789,,,0.9,30.0,,
PSO,25,0.2798994858792835,,,0.9,30.0,,
PSO,26,-1.0,,,0.9,30.0,,
PSO,27,0.3130531787514258,,,0.9,30.0,,
PSO,28,0.3440218531076472,,,0.9,30.0,,
PSO,29,-1.0,,,0.9,30.0,,
PSO,0,0.1662721512023775,,,0.9,40.0,,
PSO,1,0.30497283134159214,,,0.9,40.0,,
PSO,2,0.18924823319227912,,,0.9,40.0,,
PSO,3,0.3259129124359897,,,0.9,40.0,,
PSO,4,0.2749760435440818,,,0.9,40.0,,
PSO,5,0.3098494241133705,,,0.9,40.0,,
PSO,6,0.35298541870052863,,,0.9,40.0,,
PSO,7,0.17514255688804972,,,0.9,40.0,,
PSO,8,0.3174732038090744,,,0.9,40.0,,
PSO,9,0.33547192894004574,,,0.9,40.0,,
PSO,10,0.35122282030180707,,,0.9,40.0,,
PSO,11,0.2033628063945012,,,0.9,40.0,,
PSO,12,0.30764083367619466,,,0.9,40.0,,
PSO,13,0.3593610286435666,,,0.9,40.0,,
PSO,14,-1.0,,,0.9,40.0,,
PSO,15,0.3552800672834701,,,0.9,40.0,,
PSO,16,-1.0,,,0.9,40.0,,
PSO,17,0.3491698900161768,,,0.9,40.0,,
PSO,18,0.24859498457396473,,,0.9,40.0,,
PSO,19,0.34502977758062636,,,0.9,40.0,,
PSO,20,0.14302574710938828,,,0.9,40.0,,
PSO,21,0.3050502644475961,,,0.9,40.0,,
PSO,22,0.14376324814862243,,,0.9,40.0,,
PSO,23,0.3252091685252634,,,0.9,40.0,,
PSO,24,0.353483602923908,,,0.9,40.0,,
PSO,25,0.1582680668160639,,,0.9,40.0,,
PSO,26,0.17633929610095836,,,0.9,40.0,,
PSO,27,0.2031851066994313,,,0.9,40.0,,
PSO,28,0.11485940012307233,,,0.9,40.0,,
PSO,29,0.07818226131327771,,,0.9,40.0,,
ACO,0,0.35769392059218036,,,,,0.3,10.0
ACO,1,0.3589628662090984,,,,,0.3,10.0
ACO,2,0.3593641724070569,,,,,0.3,10.0
ACO,3,0.35944409042187786,,,,,0.3,10.0
ACO,4,0.3589628662090984,,,,,0.3,10.0
ACO,5,0.35947705172322686,,,,,0.3,10.0
ACO,6,0.35847950878994356,,,,,0.3,10.0
ACO,7,0.35947705172322686,,,,,0.3,10.0
ACO,8,0.35944409042187786,,,,,0.3,10.0
ACO,9,0.3593438513010659,,,,,0.3,10.0
ACO,10,0.35819946675764164,,,,,0.3,10.0
ACO,11,0.3580054270540883,,,,,0.3,10.0
ACO,12,0.3574044317660464,,,,,0.3,10.0
ACO,13,0.35944409042187786,,,,,0.3,10.0
ACO,14,0.35830244567961406,,,,,0.3,10.0
ACO,15,0.3580054270540883,,,,,0.3,10.0
ACO,16,0.35805271993836724,,,,,0.3,10.0
ACO,17,0.3595313549783144,,,,,0.3,10.0
ACO,18,0.35947705172322686,,,,,0.3,10.0
ACO,19,0.35847283496720417,,,,,0.3,10.0
ACO,20,0.35944409042187786,,,,,0.3,10.0
ACO,21,0.35947705172322686,,,,,0.3,10.0
ACO,22,0.3593661931588268,,,,,0.3,10.0
ACO,23,0.35944409042187786,,,,,0.3,10.0
ACO,24,0.3593641724070569,,,,,0.3,10.0
ACO,25,0.35947705172322686,,,,,0.3,10.0
ACO,26,0.35947705172322686,,,,,0.3,10.0
ACO,27,0.35847283496720417,,,,,0.3,10.0
ACO,28,0.35944409042187786,,,,,0.3,10.0
ACO,29,0.3593661931588268,,,,,0.3,10.0
ACO,0,0.3593438513010659,,,,,0.3,20.0
ACO,1,0.3589628662090984,,,,,0.3,20.0
ACO,2,0.35944409042187786,,,,,0.3,20.0
ACO,3,0.35947705172322686,,,,,0.3,20.0
ACO,4,0.3589628662090984,,,,,0.3,20.0
ACO,5,0.35947705172322686,,,,,0.3,20.0
ACO,6,0.3593641724070569,,,,,0.3,20.0
ACO,7,0.35944409042187786,,,,,0.3,20.0
ACO,8,0.35947705172322686,,,,,0.3,20.0
ACO,9,0.35947705172322686,,,,,0.3,20.0
ACO,10,0.3589628662090984,,,,,0.3,20.0
ACO,11,0.35876416159993724,,,,,0.3,20.0
ACO,12,0.35944409042187786,,,,,0.3,20.0
ACO,13,0.3593438513010659,,,,,0.3,20.0
ACO,14,0.35944409042187786,,,,,0.3,20.0
ACO,15,0.35947705172322686,,,,,0.3,20.0
ACO,16,0.35847950878994356,,,,,0.3,20.0
ACO,17,0.3595313549783144,,,,,0.3,20.0
ACO,18,0.35947705172322686,,,,,0.3,20.0
ACO,19,0.35947705172322686,,,,,0.3,20.0
ACO,20,0.35947705172322686,,,,,0.3,20.0
ACO,21,0.3593438513010659,,,,,0.3,20.0
ACO,22,0.35947705172322686,,,,,0.3,20.0
ACO,23,0.35944409042187786,,,,,0.3,20.0
ACO,24,0.35952038374773243,,,,,0.3,20.0
ACO,25,0.35944409042187786,,,,,0.3,20.0
ACO,26,0.35944409042187786,,,,,0.3,20.0
ACO,27,0.35944409042187786,,,,,0.3,20.0
ACO,28,0.3593661931588268,,,,,0.3,20.0
ACO,29,0.3593641724070569,,,,,0.3,20.0
ACO,0,0.35944409042187786,,,,,0.3,30.0
ACO,1,0.35944409042187786,,,,,0.3,30.0
ACO,2,0.35947705172322686,,,,,0.3,30.0
ACO,3,0.35947705172322686,,,,,0.3,30.0
ACO,4,0.3593438513010659,,,,,0.3,30.0
ACO,5,0.35947705172322686,,,,,0.3,30.0
ACO,6,0.3593641724070569,,,,,0.3,30.0
ACO,7,0.35947705172322686,,,,,0.3,30.0
ACO,8,0.35944409042187786,,,,,0.3,30.0
ACO,9,0.35947705172322686,,,,,0.3,30.0
ACO,10,0.35944409042187786,,,,,0.3,30.0
ACO,11,0.35847950878994356,,,,,0.3,30.0
ACO,12,0.35944409042187786,,,,,0.3,30.0
ACO,13,0.35952038374773243,,,,,0.3,30.0
ACO,14,0.35944409042187786,,,,,0.3,30.0
ACO,15,0.3596957982799809,,,,,0.3,30.0
ACO,16,0.3593438513010659,,,,,0.3,30.0
ACO,17,0.3593641724070569,,,,,0.3,30.0
ACO,18,0.35947705172322686,,,,,0.3,30.0
ACO,19,0.35947705172322686,,,,,0.3,30.0
ACO,20,0.35952038374773243,,,,,0.3,30.0
ACO,21,0.35947705172322686,,,,,0.3,30.0
ACO,22,0.35944409042187786,,,,,0.3,30.0
ACO,23,0.35947705172322686,,,,,0.3,30.0
ACO,24,0.35952038374773243,,,,,0.3,30.0
ACO,25,0.35947705172322686,,,,,0.3,30.0
ACO,26,0.35947705172322686,,,,,0.3,30.0
ACO,27,0.35947705172322686,,,,,0.3,30.0
ACO,28,0.35944409042187786,,,,,0.3,30.0
ACO,29,0.35944409042187786,,,,,0.3,30.0
ACO,0,0.3577979346245759,,,,,0.5,10.0
ACO,1,0.35113882697361193,,,,,0.5,10.0
ACO,2,0.3593641724070569,,,,,0.5,10.0
ACO,3,0.358574688750043,,,,,0.5,10.0
ACO,4,0.35935118549309464,,,,,0.5,10.0
ACO,5,0.3589628662090984,,,,,0.5,10.0
ACO,6,0.35847950878994356,,,,,0.5,10.0
ACO,7,0.35947705172322686,,,,,0.5,10.0
ACO,8,0.35674264345986745,,,,,0.5,10.0
ACO,9,0.35944409042187786,,,,,0.5,10.0
ACO,10,0.357909300010255,,,,,0.5,10.0
ACO,11,0.35732436014971347,,,,,0.5,10.0
ACO,12,0.35830244567961406,,,,,0.5,10.0
ACO,13,0.35847950878994356,,,,,0.5,10.0
ACO,14,0.35695574294756127,,,,,0.5,10.0
ACO,15,0.3583719537004781,,,,,0.5,10.0
ACO,16,0.35830244567961406,,,,,0.5,10.0
ACO,17,0.3593641724070569,,,,,0.5,10.0
ACO,18,0.35881346365281586,,,,,0.5,10.0
ACO,19,0.35847950878994356,,,,,0.5,10.0
ACO,20,0.3590798780232927,,,,,0.5,10.0
ACO,21,0.3580054270540883,,,,,0.5,10.0
ACO,22,0.35947705172322686,,,,,0.5,10.0
ACO,23,0.35944409042187786,,,,,0.5,10.0
ACO,24,0.35947705172322686,,,,,0.5,10.0
ACO,25,0.3581840658811746,,,,,0.5,10.0
ACO,26,0.35876416159993724,,,,,0.5,10.0
ACO,27,0.3580054270540883,,,,,0.5,10.0
ACO,28,0.35706686868026083,,,,,0.5,10.0
ACO,29,0.35880977401117803,,,,,0.5,10.0
ACO,0,0.35944409042187786,,,,,0.5,20.0
ACO,1,0.3589628662090984,,,,,0.5,20.0
ACO,2,0.35944409042187786,,,,,0.5,20.0
ACO,3,0.35944409042187786,,,,,0.5,20.0
ACO,4,0.3589628662090984,,,,,0.5,20.0
ACO,5,0.35947705172322686,,,,,0.5,20.0
ACO,6,0.35847950878994356,,,,,0.5,20.0
ACO,7,0.35944409042187786,,,,,0.5,20.0
ACO,8,0.35944409042187786,,,,,0.5,20.0
ACO,9,0.35944409042187786,,,,,0.5,20.0
ACO,10,0.3589628662090984,,,,,0.5,20.0
ACO,11,0.35847950878994356,,,,,0.5,20.0
ACO,12,0.35947705172322686,,,,,0.5,20.0
ACO,13,0.35944409042187786,,,,,0.5,20.0
ACO,14,0.35830244567961406,,,,,0.5,20.0
ACO,15,0.35847775392221043,,,,,0.5,20.0
ACO,16,0.3579234303882264,,,,,0.5,20.0
ACO,17,0.3595989301252757,,,,,0.5,20.0
ACO,18,0.35947705172322686,,,,,0.5,20.0
ACO,19,0.35847950878994356,,,,,0.5,20.0
ACO,20,0.35947705172322686,,,,,0.5,20.0
ACO,21,0.3593438513010659,,,,,0.5,20.0
ACO,22,0.35947705172322686,,,,,0.5,20.0
ACO,23,0.35947705172322686,,,,,0.5,20.0
ACO,24,0.35947705172322686,,,,,0.5,20.0
ACO,25,0.35947705172322686,,,,,0.5,20.0
ACO,26,0.35947705172322686,,,,,0.5,20.0
ACO,27,0.35944409042187786,,,,,0.5,20.0
ACO,28,0.3593641724070569,,,,,0.5,20.0
ACO,29,0.3593661931588268,,,,,0.5,20.0
ACO,0,0.35944409042187786,,,,,0.5,30.0
ACO,1,0.3589628662090984,,,,,0.5,30.0
ACO,2,0.35944409042187786,,,,,0.5,30.0
ACO,3,0.35944409042187786,,,,,0.5,30.0
ACO,4,0.3589628662090984,,,,,0.5,30.0
ACO,5,0.3593641724070569,,,,,0.5,30.0
ACO,6,0.35947705172322686,,,,,0.5,30.0
ACO,7,0.35944409042187786,,,,,0.5,30.0
ACO,8,0.35947705172322686,,,,,0.5,30.0
ACO,9,0.35947705172322686,,,,,0.5,30.0
ACO,10,0.3589628662090984,,,,,0.5,30.0
ACO,11,0.35847950878994356,,,,,0.5,30.0
ACO,12,0.35944409042187786,,,,,0.5,30.0
ACO,13,0.35944409042187786,,,,,0.5,30.0
ACO,14,0.35947705172322686,,,,,0.5,30.0
ACO,15,0.3591513558034666,,,,,0.5,30.0
ACO,16,0.35876416159993724,,,,,0.5,30.0
ACO,17,0.3595313549783144,,,,,0.5,30.0
ACO,18,0.35947705172322686,,,,,0.5,30.0
ACO,19,0.35947705172322686,,,,,0.5,30.0
ACO,20,0.35947705172322686,,,,,0.5,30.0
ACO,21,0.3593438513010659,,,,,0.5,30.0
ACO,22,0.35947705172322686,,,,,0.5,30.0
ACO,23,0.35944409042187786,,,,,0.5,30.0
ACO,24,0.3595313549783144,,,,,0.5,30.0
ACO,25,0.35947705172322686,,,,,0.5,30.0
ACO,26,0.35947705172322686,,,,,0.5,30.0
ACO,27,0.35944409042187786,,,,,0.5,30.0
ACO,28,0.35944409042187786,,,,,0.5,30.0
ACO,29,0.35944409042187786,,,,,0.5,30.0
ACO,0,0.3576141426760786,,,,,0.7,10.0
ACO,1,0.35084603454023794,,,,,0.7,10.0
ACO,2,0.35706686868026083,,,,,0.7,10.0
ACO,3,0.3589628662090984,,,,,0.7,10.0
ACO,4,0.3589628662090984,,,,,0.7,10.0
ACO,5,0.3591885783105057,,,,,0.7,10.0
ACO,6,0.35777385711648885,,,,,0.7,10.0
ACO,7,0.35947705172322686,,,,,0.7,10.0
ACO,8,0.3567491424351425,,,,,0.7,10.0
ACO,9,0.358111614770896,,,,,0.7,10.0
ACO,10,0.357909300010255,,,,,0.7,10.0
ACO,11,0.3582964823196282,,,,,0.7,10.0
ACO,12,0.3572109594578396,,,,,0.7,10.0
ACO,13,0.35830244567961406,,,,,0.7,10.0
ACO,14,0.3554374610958483,,,,,0.7,10.0
ACO,15,0.3580242698954717,,,,,0.7,10.0
ACO,16,0.35830244567961406,,,,,0.7,10.0
ACO,17,0.3593641724070569,,,,,0.7,10.0
ACO,18,0.35838035311641425,,,,,0.7,10.0
ACO,19,0.35578896324639575,,,,,0.7,10.0
ACO,20,0.3590798780232927,,,,,0.7,10.0
ACO,21,0.35542738163037013,,,,,0.7,10.0
ACO,22,0.35944409042187786,,,,,0.7,10.0
ACO,23,0.3593438513010659,,,,,0.7,10.0
ACO,24,0.35952038374773243,,,,,0.7,10.0
ACO,25,0.35786706047129074,,,,,0.7,10.0
ACO,26,0.35830244567961406,,,,,0.7,10.0
ACO,27,0.3555036145688848,,,,,0.7,10.0
ACO,28,0.3568230865263831,,,,,0.7,10.0
ACO,29,0.3562284926305713,,,,,0.7,10.0
ACO,0,0.35769392059218036,,,,,0.7,20.0
ACO,1,0.3589628662090984,,,,,0.7,20.0
ACO,2,0.3593641724070569,,,,,0.7,20.0
ACO,3,0.35944409042187786,,,,,0.7,20.0
ACO,4,0.3589628662090984,,,,,0.7,20.0
ACO,5,0.35947705172322686,,,,,0.7,20.0
ACO,6,0.35847950878994356,,,,,0.7,20.0
ACO,7,0.35944409042187786,,,,,0.7,20.0
ACO,8,0.35944409042187786,,,,,0.7,20.0
ACO,9,0.3593438513010659,,,,,0.7,20.0
ACO,10,0.35819946675764164,,,,,0.7,20.0
ACO,11,0.3580054270540883,,,,,0.7,20.0
ACO,12,0.3593641724070569,,,,,0.7,20.0
ACO,13,0.35944409042187786,,,,,0.7,20.0
ACO,14,0.35847950878994356,,,,,0.7,20.0
ACO,15,0.3582964823196282,,,,,0.7,20.0
ACO,16,0.3579234303882264,,,,,0.7,20.0
ACO,17,0.3595313549783144,,,,,0.7,20.0
ACO,18,0.35947705172322686,,,,,0.7,20.0
ACO,19,0.35847950878994356,,,,,0.7,20.0
ACO,20,0.35947705172322686,,,,,0.7,20.0
ACO,21,0.35947705172322686,,,,,0.7,20.0
ACO,22,0.35947705172322686,,,,,0.7,20.0
ACO,23,0.35847950878994356,,,,,0.7,20.0
ACO,24,0.35947705172322686,,,,,0.7,20.0
ACO,25,0.35944409042187786,,,,,0.7,20.0
ACO,26,0.35947705172322686,,,,,0.7,20.0
ACO,27,0.3564341893573337,,,,,0.7,20.0
ACO,28,0.3595313549783144,,,,,0.7,20.0
ACO,29,0.35947705172322686,,,,,0.7,20.0
ACO,0,0.3593438513010659,,,,,0.7,30.0
ACO,1,0.3589628662090984,,,,,0.7,30.0
ACO,2,0.35935118549309464,,,,,0.7,30.0
ACO,3,0.35947705172322686,,,,,0.7,30.0
ACO,4,0.3589628662090984,,,,,0.7,30.0
ACO,5,0.35947705172322686,,,,,0.7,30.0
ACO,6,0.35947705172322686,,,,,0.7,30.0
ACO,7,0.35944409042187786,,,,,0.7,30.0
ACO,8,0.35944409042187786,,,,,0.7,30.0
ACO,9,0.35944409042187786,,,,,0.7,30.0
ACO,10,0.35888675450714524,,,,,0.7,30.0
ACO,11,0.35847950878994356,,,,,0.7,30.0
ACO,12,0.35947705172322686,,,,,0.7,30.0
ACO,13,0.35944409042187786,,,,,0.7,30.0
ACO,14,0.35944409042187786,,,,,0.7,30.0
ACO,15,0.35888675450714524,,,,,0.7,30.0
ACO,16,0.35830244567961406,,,,,0.7,30.0
ACO,17,0.3595313549783144,,,,,0.7,30.0
ACO,18,0.3593438513010659,,,,,0.7,30.0
ACO,19,0.35947705172322686,,,,,0.7,30.0
ACO,20,0.35947705172322686,,,,,0.7,30.0
ACO,21,0.3596957982799809,,,,,0.7,30.0
ACO,22,0.3593438513010659,,,,,0.7,30.0
ACO,23,0.35944409042187786,,,,,0.7,30.0
ACO,24,0.3595989301252757,,,,,0.7,30.0
ACO,25,0.35944409042187786,,,,,0.7,30.0
ACO,26,0.35944409042187786,,,,,0.7,30.0
ACO,27,0.35944409042187786,,,,,0.7,30.0
ACO,28,0.35947705172322686,,,,,0.7,30.0
ACO,29,0.35876416159993724,,,,,0.7,30.0
